{
  "hash": "0defe413",
  "configHash": "f3cb56bc",
  "lockfileHash": "02fb592a",
  "browserHash": "592a006b",
  "optimized": {
    "@angular/common": {
      "src": "../../../../../node_modules/@angular/common/fesm2022/common.mjs",
      "file": "@angular_common.js",
      "fileHash": "f5f9282f",
      "needsInterop": false
    },
    "@angular/common/http": {
      "src": "../../../../../node_modules/@angular/common/fesm2022/http.mjs",
      "file": "@angular_common_http.js",
      "fileHash": "4f62ecfb",
      "needsInterop": false
    },
    "@angular/core": {
      "src": "../../../../../node_modules/@angular/core/fesm2022/core.mjs",
      "file": "@angular_core.js",
      "fileHash": "a128f8e8",
      "needsInterop": false
    },
    "@angular/platform-browser": {
      "src": "../../../../../node_modules/@angular/platform-browser/fesm2022/platform-browser.mjs",
      "file": "@angular_platform-browser.js",
      "fileHash": "a92ba4b8",
      "needsInterop": false
    },
    "@angular/router": {
      "src": "../../../../../node_modules/@angular/router/fesm2022/router.mjs",
      "file": "@angular_router.js",
      "fileHash": "d863a953",
      "needsInterop": false
    }
  },
  "chunks": {
    "chunk-VR5V4FAY": {
      "file": "chunk-VR5V4FAY.js"
    },
    "chunk-3VDKEFAV": {
      "file": "chunk-3VDKEFAV.js"
    },
    "chunk-BN2FL7S4": {
      "file": "chunk-BN2FL7S4.js"
    },
    "chunk-QGN3FAP6": {
      "file": "chunk-QGN3FAP6.js"
    }
  }
}